{
	"class_name" : "PinholeCameraParameters",
	"extrinsic" : 
	[
		0.87670910263701307,
		0.0082729542291916664,
		0.48094979736114357,
		0.0,
		-0.32370168435674374,
		0.7497280330378232,
		0.5771699022141088,
		0.0,
		-0.35580664538202539,
		-0.66169436653606062,
		0.65997136028499848,
		0.0,
		-0.0,
		0.0,
		3.8295094997775441,
		1.0
	],
	"intrinsic" : 
	{
		"height" : 720,
		"intrinsic_matrix" : 
		[
			623.53829072479584,
			0.0,
			0.0,
			0.0,
			623.53829072479584,
			0.0,
			479.5,
			359.5,
			1.0
		],
		"width" : 960
	},
	"version_major" : 1,
	"version_minor" : 0
}